latitude,longitude,elevation,utc_offset_seconds,timezone,timezone_abbreviation
-34.875,-56.25,31.0,-10800,America/Sao_Paulo,-03

time,temperature_2m_max (°C),temperature_2m_min (°C),sunrise (iso8601),sunset (iso8601),uv_index_max ()
2022-08-01,NaN,NaN,2022-08-01T07:38,2022-08-01T18:03,NaN
2022-08-02,NaN,NaN,2022-08-02T07:37,2022-08-02T18:04,NaN
2022-08-03,NaN,NaN,2022-08-03T07:37,2022-08-03T18:04,NaN
2022-08-04,NaN,NaN,2022-08-04T07:36,2022-08-04T18:05,NaN
2022-08-05,NaN,NaN,2022-08-05T07:35,2022-08-05T18:06,NaN
2022-08-06,NaN,NaN,2022-08-06T07:34,2022-08-06T18:07,NaN
2022-08-07,NaN,NaN,2022-08-07T07:33,2022-08-07T18:07,NaN
2022-08-08,NaN,NaN,2022-08-08T07:32,2022-08-08T18:08,NaN
2022-08-09,NaN,NaN,2022-08-09T07:31,2022-08-09T18:09,NaN
2022-08-10,NaN,NaN,2022-08-10T07:30,2022-08-10T18:09,NaN
2022-08-11,NaN,NaN,2022-08-11T07:29,2022-08-11T18:10,NaN
2022-08-12,NaN,NaN,2022-08-12T07:28,2022-08-12T18:11,NaN
2022-08-13,NaN,NaN,2022-08-13T07:27,2022-08-13T18:12,NaN
2022-08-14,NaN,NaN,2022-08-14T07:25,2022-08-14T18:12,NaN
2022-08-15,NaN,NaN,2022-08-15T07:24,2022-08-15T18:13,NaN
2022-08-16,NaN,NaN,2022-08-16T07:23,2022-08-16T18:14,NaN
2022-08-17,NaN,NaN,2022-08-17T07:22,2022-08-17T18:15,NaN
2022-08-18,NaN,NaN,2022-08-18T07:21,2022-08-18T18:15,NaN
2022-08-19,NaN,NaN,2022-08-19T07:20,2022-08-19T18:16,NaN
2022-08-20,NaN,NaN,2022-08-20T07:18,2022-08-20T18:17,NaN
2022-08-21,NaN,NaN,2022-08-21T07:17,2022-08-21T18:18,NaN
2022-08-22,NaN,NaN,2022-08-22T07:16,2022-08-22T18:18,NaN
2022-08-23,NaN,NaN,2022-08-23T07:15,2022-08-23T18:19,NaN
2022-08-24,NaN,NaN,2022-08-24T07:13,2022-08-24T18:20,NaN
2022-08-25,NaN,NaN,2022-08-25T07:12,2022-08-25T18:20,NaN
2022-08-26,NaN,NaN,2022-08-26T07:11,2022-08-26T18:21,NaN
2022-08-27,NaN,NaN,2022-08-27T07:10,2022-08-27T18:22,NaN
2022-08-28,NaN,NaN,2022-08-28T07:08,2022-08-28T18:23,NaN
2022-08-29,NaN,NaN,2022-08-29T07:07,2022-08-29T18:23,NaN
2022-08-30,NaN,NaN,2022-08-30T07:06,2022-08-30T18:24,NaN
2022-08-31,NaN,NaN,2022-08-31T07:04,2022-08-31T18:25,NaN
2022-09-01,NaN,NaN,2022-09-01T07:03,2022-09-01T18:25,NaN
2022-09-02,NaN,NaN,2022-09-02T07:02,2022-09-02T18:26,NaN
2022-09-03,NaN,NaN,2022-09-03T07:00,2022-09-03T18:27,NaN
2022-09-04,NaN,NaN,2022-09-04T06:59,2022-09-04T18:28,NaN
2022-09-05,NaN,NaN,2022-09-05T06:58,2022-09-05T18:28,NaN
2022-09-06,NaN,NaN,2022-09-06T06:56,2022-09-06T18:29,NaN
2022-09-07,NaN,NaN,2022-09-07T06:55,2022-09-07T18:30,NaN
2022-09-08,NaN,NaN,2022-09-08T06:53,2022-09-08T18:30,NaN
2022-09-09,NaN,NaN,2022-09-09T06:52,2022-09-09T18:31,NaN
2022-09-10,NaN,NaN,2022-09-10T06:50,2022-09-10T18:32,NaN
2022-09-11,NaN,NaN,2022-09-11T06:49,2022-09-11T18:33,NaN
2022-09-12,NaN,NaN,2022-09-12T06:48,2022-09-12T18:33,NaN
2022-09-13,NaN,NaN,2022-09-13T06:46,2022-09-13T18:34,NaN
2022-09-14,NaN,NaN,2022-09-14T06:45,2022-09-14T18:35,NaN
2022-09-15,NaN,NaN,2022-09-15T06:43,2022-09-15T18:35,NaN
2022-09-16,NaN,NaN,2022-09-16T06:42,2022-09-16T18:36,NaN
2022-09-17,NaN,NaN,2022-09-17T06:40,2022-09-17T18:37,NaN
2022-09-18,NaN,NaN,2022-09-18T06:39,2022-09-18T18:38,NaN
2022-09-19,NaN,NaN,2022-09-19T06:38,2022-09-19T18:38,NaN
2022-09-20,NaN,NaN,2022-09-20T06:36,2022-09-20T18:39,NaN
2022-09-21,NaN,NaN,2022-09-21T06:35,2022-09-21T18:40,NaN
2022-09-22,NaN,NaN,2022-09-22T06:33,2022-09-22T18:41,NaN
2022-09-23,NaN,NaN,2022-09-23T06:32,2022-09-23T18:41,NaN
2022-09-24,NaN,NaN,2022-09-24T06:30,2022-09-24T18:42,NaN
2022-09-25,NaN,NaN,2022-09-25T06:29,2022-09-25T18:43,NaN
2022-09-26,NaN,NaN,2022-09-26T06:28,2022-09-26T18:44,NaN
2022-09-27,NaN,NaN,2022-09-27T06:26,2022-09-27T18:44,NaN
2022-09-28,NaN,NaN,2022-09-28T06:25,2022-09-28T18:45,NaN
2022-09-29,NaN,NaN,2022-09-29T06:23,2022-09-29T18:46,NaN
2022-09-30,NaN,NaN,2022-09-30T06:22,2022-09-30T18:47,NaN
2022-10-01,NaN,NaN,2022-10-01T06:20,2022-10-01T18:47,NaN
2022-10-02,NaN,NaN,2022-10-02T06:19,2022-10-02T18:48,NaN
2022-10-03,NaN,NaN,2022-10-03T06:18,2022-10-03T18:49,NaN
2022-10-04,NaN,NaN,2022-10-04T06:16,2022-10-04T18:50,NaN
2022-10-05,NaN,NaN,2022-10-05T06:15,2022-10-05T18:50,NaN
2022-10-06,NaN,NaN,2022-10-06T06:13,2022-10-06T18:51,NaN
2022-10-07,NaN,NaN,2022-10-07T06:12,2022-10-07T18:52,NaN
2022-10-08,NaN,NaN,2022-10-08T06:11,2022-10-08T18:53,NaN
2022-10-09,NaN,NaN,2022-10-09T06:09,2022-10-09T18:54,NaN
2022-10-10,NaN,NaN,2022-10-10T06:08,2022-10-10T18:54,NaN
2022-10-11,NaN,NaN,2022-10-11T06:07,2022-10-11T18:55,NaN
2022-10-12,NaN,NaN,2022-10-12T06:05,2022-10-12T18:56,NaN
2022-10-13,NaN,NaN,2022-10-13T06:04,2022-10-13T18:57,NaN
2022-10-14,NaN,NaN,2022-10-14T06:03,2022-10-14T18:58,NaN
2022-10-15,NaN,NaN,2022-10-15T06:02,2022-10-15T18:59,NaN
2022-10-16,NaN,NaN,2022-10-16T06:00,2022-10-16T18:59,NaN
2022-10-17,NaN,NaN,2022-10-17T05:59,2022-10-17T19:00,NaN
2022-10-18,NaN,NaN,2022-10-18T05:58,2022-10-18T19:01,NaN
2022-10-19,NaN,NaN,2022-10-19T05:56,2022-10-19T19:02,NaN
2022-10-20,NaN,NaN,2022-10-20T05:55,2022-10-20T19:03,NaN
2022-10-21,NaN,NaN,2022-10-21T05:54,2022-10-21T19:04,NaN
2022-10-22,NaN,NaN,2022-10-22T05:53,2022-10-22T19:05,NaN
2022-10-23,NaN,NaN,2022-10-23T05:52,2022-10-23T19:06,NaN
2022-10-24,NaN,NaN,2022-10-24T05:50,2022-10-24T19:06,NaN
2022-10-25,NaN,NaN,2022-10-25T05:49,2022-10-25T19:07,NaN
2022-10-26,NaN,NaN,2022-10-26T05:48,2022-10-26T19:08,NaN
2022-10-27,NaN,NaN,2022-10-27T05:47,2022-10-27T19:09,NaN
2022-10-28,NaN,NaN,2022-10-28T05:46,2022-10-28T19:10,NaN
2022-10-29,NaN,NaN,2022-10-29T05:45,2022-10-29T19:11,NaN
2022-10-30,NaN,NaN,2022-10-30T05:44,2022-10-30T19:12,NaN
2022-10-31,NaN,NaN,2022-10-31T05:43,2022-10-31T19:13,NaN
2022-11-01,NaN,NaN,2022-11-01T05:42,2022-11-01T19:14,NaN
2022-11-02,NaN,NaN,2022-11-02T05:41,2022-11-02T19:15,NaN
2022-11-03,NaN,NaN,2022-11-03T05:40,2022-11-03T19:16,NaN
2022-11-04,23.3,9.5,2022-11-04T05:39,2022-11-04T19:17,NaN
2022-11-05,25.3,10.8,2022-11-05T05:38,2022-11-05T19:18,NaN
2022-11-06,26.6,11.8,2022-11-06T05:37,2022-11-06T19:19,NaN
2022-11-07,26.6,11.6,2022-11-07T05:36,2022-11-07T19:20,NaN
2022-11-08,26.4,11.0,2022-11-08T05:35,2022-11-08T19:21,NaN
2022-11-09,27.3,10.8,2022-11-09T05:35,2022-11-09T19:22,NaN
2022-11-10,30.0,12.4,2022-11-10T05:34,2022-11-10T19:23,NaN
2022-11-11,30.3,14.5,2022-11-11T05:33,2022-11-11T19:24,NaN
2022-11-12,30.2,15.1,2022-11-12T05:32,2022-11-12T19:25,NaN
2022-11-13,27.9,16.9,2022-11-13T05:32,2022-11-13T19:26,NaN
2022-11-14,20.1,17.0,2022-11-14T05:31,2022-11-14T19:27,NaN
2022-11-15,26.0,16.3,2022-11-15T05:30,2022-11-15T19:28,NaN
2022-11-16,29.1,14.7,2022-11-16T05:30,2022-11-16T19:29,NaN
2022-11-17,26.4,20.6,2022-11-17T05:29,2022-11-17T19:30,NaN
2022-11-18,26.2,19.8,2022-11-18T05:28,2022-11-18T19:31,NaN
2022-11-19,32.3,20.4,2022-11-19T05:28,2022-11-19T19:31,NaN
2022-11-20,30.1,19.7,2022-11-20T05:27,2022-11-20T19:32,NaN
2022-11-21,19.7,17.4,2022-11-21T05:27,2022-11-21T19:33,NaN
2022-11-22,18.8,15.6,2022-11-22T05:26,2022-11-22T19:34,NaN
2022-11-23,27.0,14.5,2022-11-23T05:26,2022-11-23T19:35,NaN
2022-11-24,29.3,17.7,2022-11-24T05:26,2022-11-24T19:36,NaN
2022-11-25,22.3,18.0,2022-11-25T05:25,2022-11-25T19:37,NaN
2022-11-26,27.0,18.1,2022-11-26T05:25,2022-11-26T19:38,NaN
2022-11-27,28.5,19.4,2022-11-27T05:25,2022-11-27T19:39,NaN
2022-11-28,31.4,19.5,2022-11-28T05:24,2022-11-28T19:40,NaN
2022-11-29,31.8,19.3,2022-11-29T05:24,2022-11-29T19:41,NaN
2022-11-30,29.6,19.2,2022-11-30T05:24,2022-11-30T19:42,NaN
2022-12-01,23.7,20.0,2022-12-01T05:24,2022-12-01T19:43,NaN
2022-12-02,21.0,17.9,2022-12-02T05:24,2022-12-02T19:44,NaN
2022-12-03,22.0,15.1,2022-12-03T05:24,2022-12-03T19:45,NaN
2022-12-04,25.6,19.3,2022-12-04T05:23,2022-12-04T19:46,NaN
2022-12-05,30.9,18.8,2022-12-05T05:23,2022-12-05T19:46,NaN
2022-12-06,33.0,19.2,2022-12-06T05:23,2022-12-06T19:47,NaN
2022-12-07,31.5,20.3,2022-12-07T05:23,2022-12-07T19:48,NaN
2022-12-08,31.3,21.6,2022-12-08T05:23,2022-12-08T19:49,NaN
2022-12-09,36.3,21.3,2022-12-09T05:24,2022-12-09T19:50,NaN
2022-12-10,26.0,19.6,2022-12-10T05:24,2022-12-10T19:50,NaN
2022-12-11,34.9,19.3,2022-12-11T05:24,2022-12-11T19:51,NaN
2022-12-12,23.4,17.9,2022-12-12T05:24,2022-12-12T19:52,NaN
2022-12-13,22.7,18.0,2022-12-13T05:24,2022-12-13T19:53,NaN
2022-12-14,30.7,16.3,2022-12-14T05:25,2022-12-14T19:53,NaN
2022-12-15,23.8,18.4,2022-12-15T05:25,2022-12-15T19:54,NaN
2022-12-16,19.7,16.9,2022-12-16T05:25,2022-12-16T19:55,NaN
2022-12-17,22.8,15.7,2022-12-17T05:26,2022-12-17T19:55,NaN
2022-12-18,25.6,15.5,2022-12-18T05:26,2022-12-18T19:56,NaN
2022-12-19,26.7,16.8,2022-12-19T05:26,2022-12-19T19:56,NaN
2022-12-20,27.6,17.4,2022-12-20T05:27,2022-12-20T19:57,NaN
2022-12-21,26.6,17.4,2022-12-21T05:27,2022-12-21T19:57,NaN
2022-12-22,30.0,17.7,2022-12-22T05:28,2022-12-22T19:58,NaN
2022-12-23,30.3,19.2,2022-12-23T05:28,2022-12-23T19:58,NaN
2022-12-24,22.1,18.5,2022-12-24T05:29,2022-12-24T19:59,NaN
2022-12-25,19.6,16.5,2022-12-25T05:30,2022-12-25T19:59,NaN
2022-12-26,22.1,13.5,2022-12-26T05:30,2022-12-26T20:00,NaN
2022-12-27,26.8,15.0,2022-12-27T05:31,2022-12-27T20:00,NaN
2022-12-28,26.7,18.6,2022-12-28T05:31,2022-12-28T20:00,NaN
2022-12-29,23.0,17.9,2022-12-29T05:32,2022-12-29T20:01,NaN
2022-12-30,31.9,16.3,2022-12-30T05:33,2022-12-30T20:01,NaN
2022-12-31,25.6,20.0,2022-12-31T05:33,2022-12-31T20:01,NaN
2023-01-01,34.7,18.4,2023-01-01T05:34,2023-01-01T20:01,NaN
2023-01-02,22.1,19.2,2023-01-02T05:35,2023-01-02T20:01,NaN
2023-01-03,28.9,16.7,2023-01-03T05:36,2023-01-03T20:01,NaN
2023-01-04,24.1,19.2,2023-01-04T05:37,2023-01-04T20:02,NaN
2023-01-05,27.7,15.6,2023-01-05T05:37,2023-01-05T20:02,NaN
2023-01-06,31.6,18.6,2023-01-06T05:38,2023-01-06T20:02,NaN
2023-01-07,30.5,18.6,2023-01-07T05:39,2023-01-07T20:02,NaN
2023-01-08,28.7,19.1,2023-01-08T05:40,2023-01-08T20:02,NaN
2023-01-09,26.4,18.6,2023-01-09T05:41,2023-01-09T20:02,NaN
2023-01-10,26.3,18.5,2023-01-10T05:42,2023-01-10T20:01,NaN
2023-01-11,26.3,19.5,2023-01-11T05:43,2023-01-11T20:01,NaN
2023-01-12,23.5,19.9,2023-01-12T05:44,2023-01-12T20:01,NaN
2023-01-13,25.0,18.0,2023-01-13T05:45,2023-01-13T20:01,NaN
2023-01-14,28.8,16.8,2023-01-14T05:46,2023-01-14T20:01,NaN
2023-01-15,31.9,19.7,2023-01-15T05:47,2023-01-15T20:01,NaN
2023-01-16,31.9,21.0,2023-01-16T05:48,2023-01-16T20:00,NaN
2023-01-17,31.2,20.6,2023-01-17T05:49,2023-01-17T20:00,NaN
2023-01-18,28.5,20.5,2023-01-18T05:50,2023-01-18T20:00,NaN
2023-01-19,31.1,21.1,2023-01-19T05:51,2023-01-19T19:59,NaN
2023-01-20,32.7,20.7,2023-01-20T05:52,2023-01-20T19:59,NaN
2023-01-21,26.6,22.5,2023-01-21T05:53,2023-01-21T19:58,NaN
2023-01-22,29.2,22.8,2023-01-22T05:54,2023-01-22T19:58,NaN
2023-01-23,25.2,20.8,2023-01-23T05:55,2023-01-23T19:57,NaN
2023-01-24,32.2,18.4,2023-01-24T05:56,2023-01-24T19:57,NaN
2023-01-25,29.3,21.7,2023-01-25T05:57,2023-01-25T19:56,NaN
2023-01-26,30.8,23.0,2023-01-26T05:58,2023-01-26T19:56,NaN
2023-01-27,29.6,22.5,2023-01-27T05:59,2023-01-27T19:55,NaN
2023-01-28,27.2,23.5,2023-01-28T06:00,2023-01-28T19:54,NaN
2023-01-29,25.1,22.4,2023-01-29T06:01,2023-01-29T19:54,NaN
2023-01-30,26.3,21.1,2023-01-30T06:02,2023-01-30T19:53,NaN
2023-01-31,26.7,21.6,2023-01-31T06:03,2023-01-31T19:52,NaN
2023-02-01,26.5,22.2,2023-02-01T06:04,2023-02-01T19:51,NaN
2023-02-02,25.7,21.2,2023-02-02T06:05,2023-02-02T19:51,NaN
2023-02-03,24.5,20.7,2023-02-03T06:06,2023-02-03T19:50,NaN
2023-02-04,23.8,20.8,2023-02-04T06:07,2023-02-04T19:49,NaN
2023-02-05,25.4,21.2,2023-02-05T06:08,2023-02-05T19:48,NaN
2023-02-06,28.2,19.8,2023-02-06T06:09,2023-02-06T19:47,NaN
2023-02-07,32.0,21.8,2023-02-07T06:10,2023-02-07T19:47,NaN
2023-02-08,31.0,22.6,2023-02-08T06:11,2023-02-08T19:46,NaN
2023-02-09,28.3,21.8,2023-02-09T06:12,2023-02-09T19:45,NaN
2023-02-10,31.3,21.3,2023-02-10T06:13,2023-02-10T19:44,NaN
2023-02-11,35.8,24.8,2023-02-11T06:14,2023-02-11T19:43,8.65
2023-02-12,37.7,25.6,2023-02-12T06:15,2023-02-12T19:42,8.60
2023-02-13,29.5,24.7,2023-02-13T06:16,2023-02-13T19:41,6.80
2023-02-14,28.4,22.6,2023-02-14T06:17,2023-02-14T19:40,8.30
2023-02-15,27.8,20.6,2023-02-15T06:18,2023-02-15T19:38,8.45
2023-02-16,27.1,17.0,2023-02-16T06:19,2023-02-16T19:37,5.05
2023-02-17,16.3,12.7,2023-02-17T06:20,2023-02-17T19:36,4.25
2023-02-18,19.7,14.1,2023-02-18T06:21,2023-02-18T19:35,8.20
2023-02-19,24.9,13.8,2023-02-19T06:22,2023-02-19T19:34,8.35
2023-02-20,26.0,15.3,2023-02-20T06:23,2023-02-20T19:33,8.30
2023-02-21,25.6,17.1,2023-02-21T06:24,2023-02-21T19:32,8.20
2023-02-22,31.3,18.6,2023-02-22T06:25,2023-02-22T19:30,7.95
2023-02-23,30.4,19.9,2023-02-23T06:26,2023-02-23T19:29,8.05
2023-02-24,25.3,20.6,2023-02-24T06:27,2023-02-24T19:28,8.10
2023-02-25,24.8,20.2,2023-02-25T06:28,2023-02-25T19:27,6.90
2023-02-26,23.6,18.9,2023-02-26T06:29,2023-02-26T19:26,8.05
2023-02-27,28.9,16.4,2023-02-27T06:30,2023-02-27T19:24,8.00
2023-02-28,32.0,21.0,2023-02-28T06:30,2023-02-28T19:23,7.50
2023-03-01,33.3,23.0,2023-03-01T06:31,2023-03-01T19:22,7.45
2023-03-02,31.1,23.4,2023-03-02T06:32,2023-03-02T19:21,7.85
2023-03-03,34.1,23.8,2023-03-03T06:33,2023-03-03T19:19,7.85
2023-03-04,27.4,22.7,2023-03-04T06:34,2023-03-04T19:18,7.80
2023-03-05,29.2,21.0,2023-03-05T06:35,2023-03-05T19:17,7.80
2023-03-06,31.8,20.3,2023-03-06T06:36,2023-03-06T19:15,7.75
2023-03-07,29.4,19.9,2023-03-07T06:37,2023-03-07T19:14,7.05
2023-03-08,27.0,21.9,2023-03-08T06:37,2023-03-08T19:13,7.65
2023-03-09,27.0,21.3,2023-03-09T06:38,2023-03-09T19:11,7.55
2023-03-10,31.4,20.8,2023-03-10T06:39,2023-03-10T19:10,7.50
2023-03-11,34.7,24.1,2023-03-11T06:40,2023-03-11T19:08,7.55
2023-03-12,35.5,24.8,2023-03-12T06:41,2023-03-12T19:07,7.45
2023-03-13,34.5,22.7,2023-03-13T06:42,2023-03-13T19:06,7.40
2023-03-14,33.7,23.9,2023-03-14T06:42,2023-03-14T19:04,7.35
2023-03-15,30.6,25.0,2023-03-15T06:43,2023-03-15T19:03,7.30
2023-03-16,27.2,23.6,2023-03-16T06:44,2023-03-16T19:02,6.15
2023-03-17,27.6,23.7,2023-03-17T06:45,2023-03-17T19:00,6.70
2023-03-18,26.1,22.8,2023-03-18T06:46,2023-03-18T18:59,6.35
2023-03-19,27.1,21.6,2023-03-19T06:47,2023-03-19T18:57,7.05
2023-03-20,23.8,19.9,2023-03-20T06:47,2023-03-20T18:56,4.70
2023-03-21,23.4,19.3,2023-03-21T06:48,2023-03-21T18:55,6.90
2023-03-22,23.5,17.2,2023-03-22T06:49,2023-03-22T18:53,6.05
2023-03-23,25.6,19.5,2023-03-23T06:50,2023-03-23T18:52,6.75
2023-03-24,24.6,21.5,2023-03-24T06:51,2023-03-24T18:51,5.45
2023-03-25,22.4,21.1,2023-03-25T06:51,2023-03-25T18:49,3.95
2023-03-26,22.2,18.7,2023-03-26T06:52,2023-03-26T18:48,4.30
2023-03-27,24.5,14.7,2023-03-27T06:53,2023-03-27T18:46,6.55
2023-03-28,28.1,17.2,2023-03-28T06:54,2023-03-28T18:45,6.55
2023-03-29,26.1,18.3,2023-03-29T06:55,2023-03-29T18:43,6.50
2023-03-30,20.3,17.6,2023-03-30T06:55,2023-03-30T18:42,6.40
2023-03-31,21.6,17.0,2023-03-31T06:56,2023-03-31T18:41,6.35
2023-04-01,20.2,15.8,2023-04-01T06:57,2023-04-01T18:39,6.30
2023-04-02,23.0,14.0,2023-04-02T06:58,2023-04-02T18:38,5.30
2023-04-03,20.7,15.2,2023-04-03T06:59,2023-04-03T18:37,3.30
2023-04-04,20.7,17.6,2023-04-04T06:59,2023-04-04T18:35,6.00
2023-04-05,23.2,16.4,2023-04-05T07:00,2023-04-05T18:34,6.00
2023-04-06,23.6,16.3,2023-04-06T07:01,2023-04-06T18:32,5.95
2023-04-07,23.0,16.0,2023-04-07T07:02,2023-04-07T18:31,5.80
2023-04-08,23.6,15.0,2023-04-08T07:02,2023-04-08T18:30,5.85
2023-04-09,25.9,15.1,2023-04-09T07:03,2023-04-09T18:29,5.90
2023-04-10,24.1,16.7,2023-04-10T07:04,2023-04-10T18:27,5.80
2023-04-11,26.6,16.7,2023-04-11T07:05,2023-04-11T18:26,5.45
2023-04-12,22.3,16.1,2023-04-12T07:06,2023-04-12T18:25,5.10
2023-04-13,16.9,14.1,2023-04-13T07:06,2023-04-13T18:23,5.55
2023-04-14,17.3,14.4,2023-04-14T07:07,2023-04-14T18:22,5.50
2023-04-15,18.0,10.7,2023-04-15T07:08,2023-04-15T18:21,5.05
2023-04-16,18.3,11.7,2023-04-16T07:09,2023-04-16T18:19,5.40
2023-04-17,16.6,13.1,2023-04-17T07:10,2023-04-17T18:18,4.75
2023-04-18,15.5,12.1,2023-04-18T07:10,2023-04-18T18:17,5.10
2023-04-19,15.4,14.1,2023-04-19T07:11,2023-04-19T18:16,3.30
2023-04-20,17.4,13.1,2023-04-20T07:12,2023-04-20T18:14,5.10
2023-04-21,21.4,10.8,2023-04-21T07:13,2023-04-21T18:13,4.80
2023-04-22,21.0,12.6,2023-04-22T07:13,2023-04-22T18:12,4.55
2023-04-23,21.7,15.0,2023-04-23T07:14,2023-04-23T18:11,4.20
2023-04-24,22.9,14.9,2023-04-24T07:15,2023-04-24T18:10,4.90
2023-04-25,20.8,17.3,2023-04-25T07:16,2023-04-25T18:09,3.00
2023-04-26,19.6,16.4,2023-04-26T07:17,2023-04-26T18:07,4.80
2023-04-27,20.3,15.9,2023-04-27T07:17,2023-04-27T18:06,4.90
2023-04-28,25.3,15.4,2023-04-28T07:18,2023-04-28T18:05,4.90
2023-04-29,26.8,15.7,2023-04-29T07:19,2023-04-29T18:04,4.90
2023-04-30,28.6,16.4,2023-04-30T07:20,2023-04-30T18:03,4.75
2023-05-01,16.9,11.4,2023-05-01T07:21,2023-05-01T18:02,4.70
2023-05-02,16.2,10.0,2023-05-02T07:21,2023-05-02T18:01,4.60
2023-05-03,17.9,10.1,2023-05-03T07:22,2023-05-03T18:00,4.45
2023-05-04,20.8,10.4,2023-05-04T07:23,2023-05-04T17:59,4.40
2023-05-05,19.5,14.1,2023-05-05T07:24,2023-05-05T17:58,4.05
2023-05-06,20.3,17.0,2023-05-06T07:25,2023-05-06T17:57,1.15
2023-05-07,18.2,15.7,2023-05-07T07:25,2023-05-07T17:56,3.00
2023-05-08,17.0,15.4,2023-05-08T07:26,2023-05-08T17:55,4.30
2023-05-09,16.5,13.9,2023-05-09T07:27,2023-05-09T17:55,4.15
2023-05-10,15.7,14.1,2023-05-10T07:28,2023-05-10T17:54,4.20
2023-05-11,16.6,12.5,2023-05-11T07:28,2023-05-11T17:53,2.70
2023-05-12,18.2,11.3,2023-05-12T07:29,2023-05-12T17:52,4.15
2023-05-13,17.3,12.6,2023-05-13T07:30,2023-05-13T17:51,3.70
2023-05-14,23.3,10.5,2023-05-14T07:31,2023-05-14T17:50,4.05
2023-05-15,21.6,15.2,2023-05-15T07:32,2023-05-15T17:50,4.10
2023-05-16,24.4,13.8,2023-05-16T07:32,2023-05-16T17:49,4.15
2023-05-17,24.1,13.8,2023-05-17T07:33,2023-05-17T17:48,4.10
2023-05-18,19.4,13.9,2023-05-18T07:34,2023-05-18T17:48,4.00
2023-05-19,21.1,10.8,2023-05-19T07:34,2023-05-19T17:47,3.95
2023-05-20,16.5,12.5,2023-05-20T07:35,2023-05-20T17:46,2.00
2023-05-21,19.8,12.1,2023-05-21T07:36,2023-05-21T17:46,3.40
2023-05-22,20.9,16.1,2023-05-22T07:37,2023-05-22T17:45,3.70
2023-05-23,23.1,16.5,2023-05-23T07:37,2023-05-23T17:45,2.05
2023-05-24,21.8,18.8,2023-05-24T07:38,2023-05-24T17:44,1.05
2023-05-25,22.4,18.8,2023-05-25T07:39,2023-05-25T17:44,1.95
2023-05-26,20.7,14.4,2023-05-26T07:39,2023-05-26T17:43,1.70
2023-05-27,15.5,12.0,2023-05-27T07:40,2023-05-27T17:43,3.40
2023-05-28,12.9,9.7,2023-05-28T07:41,2023-05-28T17:42,3.20
2023-05-29,13.7,6.0,2023-05-29T07:41,2023-05-29T17:42,3.55
2023-05-30,15.8,8.5,2023-05-30T07:42,2023-05-30T17:42,3.45
2023-05-31,18.4,11.9,2023-05-31T07:43,2023-05-31T17:41,2.70
2023-06-01,18.4,13.7,2023-06-01T07:43,2023-06-01T17:41,3.50
2023-06-02,22.6,14.1,2023-06-02T07:44,2023-06-02T17:41,2.75
2023-06-03,19.2,15.6,2023-06-03T07:45,2023-06-03T17:40,3.00
2023-06-04,16.8,13.2,2023-06-04T07:45,2023-06-04T17:40,2.80
2023-06-05,15.1,10.6,2023-06-05T07:46,2023-06-05T17:40,2.95
2023-06-06,19.5,9.0,2023-06-06T07:46,2023-06-06T17:40,2.50
2023-06-07,17.6,15.3,2023-06-07T07:47,2023-06-07T17:40,2.90
2023-06-08,22.5,15.2,2023-06-08T07:47,2023-06-08T17:39,3.35
2023-06-09,20.4,14.0,2023-06-09T07:48,2023-06-09T17:39,1.15
2023-06-10,13.6,11.6,2023-06-10T07:48,2023-06-10T17:39,2.75
2023-06-11,11.1,8.5,2023-06-11T07:48,2023-06-11T17:39,2.10
2023-06-12,11.5,8.4,2023-06-12T07:49,2023-06-12T17:39,3.25
2023-06-13,12.1,7.1,2023-06-13T07:49,2023-06-13T17:39,3.25
2023-06-14,12.8,3.1,2023-06-14T07:50,2023-06-14T17:39,3.25
2023-06-15,14.1,3.7,2023-06-15T07:50,2023-06-15T17:39,3.30
2023-06-16,12.5,4.0,2023-06-16T07:50,2023-06-16T17:40,2.90
2023-06-17,10.8,7.7,2023-06-17T07:51,2023-06-17T17:40,2.50
2023-06-18,12.0,6.6,2023-06-18T07:51,2023-06-18T17:40,3.25
2023-06-19,11.9,4.7,2023-06-19T07:51,2023-06-19T17:40,2.60
2023-06-20,13.4,10.1,2023-06-20T07:52,2023-06-20T17:40,3.20
2023-06-21,14.4,11.5,2023-06-21T07:52,2023-06-21T17:40,2.50
2023-06-22,13.5,10.8,2023-06-22T07:52,2023-06-22T17:41,3.15
2023-06-23,13.8,8.9,2023-06-23T07:52,2023-06-23T17:41,2.60
2023-06-24,15.5,11.5,2023-06-24T07:52,2023-06-24T17:41,2.70
2023-06-25,16.0,11.7,2023-06-25T07:53,2023-06-25T17:41,3.25
2023-06-26,15.5,11.9,2023-06-26T07:53,2023-06-26T17:42,3.15
2023-06-27,14.2,10.4,2023-06-27T07:53,2023-06-27T17:42,2.15
2023-06-28,12.6,11.0,2023-06-28T07:53,2023-06-28T17:42,3.25
2023-06-29,12.6,7.8,2023-06-29T07:53,2023-06-29T17:43,3.20
2023-06-30,13.6,5.7,2023-06-30T07:53,2023-06-30T17:43,3.15
2023-07-01,15.8,7.3,2023-07-01T07:53,2023-07-01T17:43,3.20
2023-07-02,17.2,9.3,2023-07-02T07:53,2023-07-02T17:44,3.00
2023-07-03,20.2,12.9,2023-07-03T07:53,2023-07-03T17:44,3.25
2023-07-04,23.3,15.3,2023-07-04T07:52,2023-07-04T17:45,3.15
2023-07-05,17.8,13.1,2023-07-05T07:52,2023-07-05T17:45,3.35
2023-07-06,14.1,11.9,2023-07-06T07:52,2023-07-06T17:46,2.30
2023-07-07,13.2,10.7,2023-07-07T07:52,2023-07-07T17:46,3.30
2023-07-08,13.3,9.8,2023-07-08T07:52,2023-07-08T17:47,3.30
2023-07-09,17.1,10.3,2023-07-09T07:52,2023-07-09T17:47,1.75
2023-07-10,13.4,10.6,2023-07-10T07:51,2023-07-10T17:48,3.35
2023-07-11,12.1,9.7,2023-07-11T07:51,2023-07-11T17:49,3.25
2023-07-12,12.4,9.5,2023-07-12T07:51,2023-07-12T17:49,1.00
2023-07-13,11.4,9.0,2023-07-13T07:50,2023-07-13T17:50,2.50
2023-07-14,10.5,7.2,2023-07-14T07:50,2023-07-14T17:50,3.40
2023-07-15,12.1,6.6,2023-07-15T07:50,2023-07-15T17:51,1.95
2023-07-16,10.9,7.8,2023-07-16T07:49,2023-07-16T17:52,3.40
2023-07-17,9.4,6.5,2023-07-17T07:49,2023-07-17T17:52,3.35
2023-07-18,9.8,5.7,2023-07-18T07:48,2023-07-18T17:53,3.40
2023-07-19,11.9,1.8,2023-07-19T07:48,2023-07-19T17:54,3.15
2023-07-20,16.3,7.5,2023-07-20T07:47,2023-07-20T17:54,3.15
2023-07-21,24.8,13.0,2023-07-21T07:46,2023-07-21T17:55,3.70
2023-07-22,25.8,15.5,2023-07-22T07:46,2023-07-22T17:56,3.25
2023-07-23,13.8,10.8,2023-07-23T07:45,2023-07-23T17:56,3.70
2023-07-24,11.2,10.2,2023-07-24T07:45,2023-07-24T17:57,2.25
2023-07-25,15.4,10.1,2023-07-25T07:44,2023-07-25T17:58,3.25
2023-07-26,13.0,11.3,2023-07-26T07:43,2023-07-26T17:58,3.50
2023-07-27,11.2,9.0,2023-07-27T07:42,2023-07-27T17:59,3.60
2023-07-28,11.7,7.9,2023-07-28T07:42,2023-07-28T18:00,3.80
2023-07-29,14.8,6.1,2023-07-29T07:41,2023-07-29T18:01,2.95
2023-07-30,18.2,8.5,2023-07-30T07:40,2023-07-30T18:01,3.85
2023-07-31,19.8,9.6,2023-07-31T07:39,2023-07-31T18:02,3.45
2023-08-01,25.1,12.7,2023-08-01T07:38,2023-08-01T18:03,4.10
